Date,Adj Close
2008-01-02,2609.629883
2008-01-03,2602.679932
2008-01-04,2504.649902
2008-01-07,2499.459961
2008-01-08,2440.510010
2008-01-09,2474.550049
2008-01-10,2488.520020
2008-01-11,2439.939941
2008-01-14,2478.300049
2008-01-15,2417.590088
2008-01-16,2394.590088
2008-01-17,2346.899902
2008-01-18,2340.020020
2008-01-22,2292.270020
2008-01-23,2316.409912
2008-01-24,2360.919922
2008-01-25,2326.199951
2008-01-28,2349.909912
2008-01-29,2358.060059
2008-01-30,2349.000000
2008-01-31,2389.860107
2008-02-01,2413.360107
2008-02-04,2382.850098
2008-02-05,2309.570068
2008-02-06,2278.750000
2008-02-07,2293.030029
2008-02-08,2304.850098
2008-02-11,2320.060059
2008-02-12,2320.040039
2008-02-13,2373.929932
2008-02-14,2332.540039
2008-02-15,2321.800049
2008-02-19,2306.199951
2008-02-20,2327.100098
2008-02-21,2299.780029
2008-02-22,2303.350098
2008-02-25,2327.479980
2008-02-26,2344.989990
2008-02-27,2353.780029
2008-02-28,2331.570068
2008-02-29,2271.479980
2008-03-03,2258.600098
2008-03-04,2260.280029
2008-03-05,2272.810059
2008-03-06,2220.500000
2008-03-07,2212.489990
2008-03-10,2169.340088
2008-03-11,2255.760010
2008-03-12,2243.870117
2008-03-13,2263.610107
2008-03-14,2212.489990
2008-03-17,2177.010010
2008-03-18,2268.260010
2008-03-19,2209.959961
2008-03-20,2258.110107
2008-03-24,2326.750000
2008-03-25,2341.050049
2008-03-26,2324.360107
2008-03-27,2280.830078
2008-03-28,2261.179932
2008-03-31,2279.100098
2008-04-01,2362.750000
2008-04-02,2361.399902
2008-04-03,2363.300049
2008-04-04,2370.979980
2008-04-07,2364.830078
2008-04-08,2348.760010
2008-04-09,2322.120117
2008-04-10,2351.699951
2008-04-11,2290.239990
2008-04-14,2275.820068
2008-04-15,2286.040039
2008-04-16,2350.110107
2008-04-17,2341.830078
2008-04-18,2402.969971
2008-04-21,2408.040039
2008-04-22,2376.939941
2008-04-23,2405.209961
2008-04-24,2428.919922
2008-04-25,2422.929932
2008-04-28,2424.399902
2008-04-29,2426.100098
2008-04-30,2412.800049
2008-05-01,2480.709961
2008-05-02,2476.989990
2008-05-05,2464.120117
2008-05-06,2483.310059
2008-05-07,2438.489990
2008-05-08,2451.239990
2008-05-09,2445.520020
2008-05-12,2488.489990
2008-05-13,2495.120117
2008-05-14,2496.699951
2008-05-15,2533.729980
2008-05-16,2528.850098
2008-05-19,2516.090088
2008-05-20,2492.260010
2008-05-21,2448.270020
2008-05-22,2464.580078
2008-05-23,2444.669922
2008-05-27,2481.239990
2008-05-28,2486.699951
2008-05-29,2508.320068
2008-05-30,2522.659912
2008-06-02,2491.530029
2008-06-03,2480.479980
2008-06-04,2503.139893
2008-06-05,2549.939941
2008-06-06,2474.560059
2008-06-09,2459.459961
2008-06-10,2448.939941
2008-06-11,2394.010010
2008-06-12,2404.350098
2008-06-13,2454.500000
2008-06-16,2474.780029
2008-06-17,2457.729980
2008-06-18,2429.709961
2008-06-19,2462.060059
2008-06-20,2406.090088
2008-06-23,2385.739990
2008-06-24,2368.280029
2008-06-25,2401.260010
2008-06-26,2321.370117
2008-06-27,2315.629883
2008-06-30,2292.979980
2008-07-01,2304.969971
2008-07-02,2251.459961
2008-07-03,2245.379883
2008-07-07,2243.320068
2008-07-08,2294.439941
2008-07-09,2234.889893
2008-07-10,2257.850098
2008-07-11,2239.080078
2008-07-14,2212.870117
2008-07-15,2215.709961
2008-07-16,2284.850098
2008-07-17,2312.300049
2008-07-18,2282.780029
2008-07-21,2279.530029
2008-07-22,2303.959961
2008-07-23,2325.879883
2008-07-24,2280.110107
2008-07-25,2310.530029
2008-07-28,2264.219971
2008-07-29,2319.620117
2008-07-30,2329.719971
2008-07-31,2325.550049
2008-08-01,2310.959961
2008-08-04,2285.560059
2008-08-05,2349.830078
2008-08-06,2378.370117
2008-08-07,2355.729980
2008-08-08,2414.100098
2008-08-11,2439.949951
2008-08-12,2430.610107
2008-08-13,2428.620117
2008-08-14,2453.669922
2008-08-15,2452.520020
2008-08-18,2416.979980
2008-08-19,2384.360107
2008-08-20,2389.080078
2008-08-21,2380.379883
2008-08-22,2414.709961
2008-08-25,2365.590088
2008-08-26,2361.969971
2008-08-27,2382.459961
2008-08-28,2411.639893
2008-08-29,2367.520020
2008-09-02,2349.239990
2008-09-03,2333.729980
2008-09-04,2259.040039
2008-09-05,2255.879883
2008-09-08,2269.760010
2008-09-09,2209.810059
2008-09-10,2228.699951
2008-09-11,2258.219971
2008-09-12,2261.270020
2008-09-15,2179.909912
2008-09-16,2207.899902
2008-09-17,2098.850098
2008-09-18,2199.100098
2008-09-19,2273.899902
2008-09-22,2178.979980
2008-09-23,2153.330078
2008-09-24,2155.679932
2008-09-25,2186.570068
2008-09-26,2183.340088
2008-09-29,1983.729980
2008-09-30,2091.879883
2008-10-01,2069.399902
2008-10-02,1976.719971
2008-10-03,1947.390015
2008-10-06,1862.959961
2008-10-07,1754.880005
2008-10-08,1740.329956
2008-10-09,1645.119995
2008-10-10,1649.510010
2008-10-13,1844.250000
2008-10-14,1779.010010
2008-10-15,1628.329956
2008-10-16,1717.709961
2008-10-17,1711.290039
2008-10-20,1770.030029
2008-10-21,1696.680054
2008-10-22,1615.750000
2008-10-23,1603.910034
2008-10-24,1552.030029
2008-10-27,1505.900024
2008-10-28,1649.469971
2008-10-29,1657.209961
2008-10-30,1698.520020
2008-10-31,1720.949951
2008-11-03,1726.329956
2008-11-04,1780.119995
2008-11-05,1681.640015
2008-11-06,1608.699951
2008-11-07,1647.400024
2008-11-10,1616.739990
2008-11-11,1580.900024
2008-11-12,1499.209961
2008-11-13,1596.699951
2008-11-14,1516.849976
2008-11-17,1482.050049
2008-11-18,1483.270020
2008-11-19,1386.420044
2008-11-20,1316.119995
2008-11-21,1384.349976
2008-11-24,1472.020020
2008-11-25,1464.729980
2008-11-26,1532.099976
2008-11-28,1535.569946
2008-12-01,1398.069946
2008-12-02,1449.800049
2008-12-03,1492.380005
2008-12-04,1445.560059
2008-12-05,1509.310059
2008-12-08,1571.739990
2008-12-09,1547.339966
2008-12-10,1565.479980
2008-12-11,1507.880005
2008-12-12,1540.719971
2008-12-15,1508.339966
2008-12-16,1589.890015
2008-12-17,1579.310059
2008-12-18,1552.369995
2008-12-19,1564.319946
2008-12-22,1532.349976
2008-12-23,1521.540039
2008-12-24,1524.900024
2008-12-26,1530.239990
2008-12-29,1510.319946
2008-12-30,1550.699951
2008-12-31,1577.030029
2009-01-02,1632.209961
2009-01-05,1628.030029
2009-01-06,1652.380005
2009-01-07,1599.060059
2009-01-08,1617.010010
2009-01-09,1571.589966
2009-01-12,1538.790039
2009-01-13,1546.459961
2009-01-14,1489.640015
2009-01-15,1511.839966
2009-01-16,1529.329956
2009-01-20,1440.859985
2009-01-21,1507.069946
2009-01-22,1465.489990
2009-01-23,1477.290039
2009-01-26,1489.459961
2009-01-27,1504.900024
2009-01-28,1558.339966
2009-01-29,1507.839966
2009-01-30,1476.420044
2009-02-02,1494.430054
2009-02-03,1516.300049
2009-02-04,1515.050049
2009-02-05,1546.239990
2009-02-06,1591.709961
2009-02-09,1591.560059
2009-02-10,1524.729980
2009-02-11,1530.500000
2009-02-12,1541.709961
2009-02-13,1534.359985
2009-02-17,1470.660034
2009-02-18,1467.969971
2009-02-19,1442.819946
2009-02-20,1441.229980
2009-02-23,1387.719971
2009-02-24,1441.829956
2009-02-25,1425.430054
2009-02-26,1391.469971
2009-02-27,1377.839966
2009-03-02,1322.849976
2009-03-03,1321.010010
2009-03-04,1353.739990
2009-03-05,1299.589966
2009-03-06,1293.849976
2009-03-09,1268.640015
2009-03-10,1358.280029
2009-03-11,1371.640015
2009-03-12,1426.099976
2009-03-13,1431.500000
2009-03-16,1404.020020
2009-03-17,1462.109985
2009-03-18,1491.219971
2009-03-19,1483.479980
2009-03-20,1457.270020
2009-03-23,1555.770020
2009-03-24,1516.520020
2009-03-25,1528.949951
2009-03-26,1587.000000
2009-03-27,1545.199951
2009-03-30,1501.800049
2009-03-31,1528.589966
2009-04-01,1551.599976
2009-04-02,1602.630005
2009-04-03,1621.869995
2009-04-06,1606.709961
2009-04-07,1561.609985
2009-04-08,1590.660034
2009-04-09,1652.540039
2009-04-13,1653.310059
2009-04-14,1625.719971
2009-04-15,1626.800049
2009-04-16,1670.439941
2009-04-17,1673.069946
2009-04-20,1608.209961
2009-04-21,1643.849976
2009-04-22,1646.119995
2009-04-23,1652.209961
2009-04-24,1694.290039
2009-04-27,1679.410034
2009-04-28,1673.810059
2009-04-29,1711.939941
2009-04-30,1717.300049
2009-05-01,1719.199951
2009-05-04,1763.560059
2009-05-05,1754.119995
2009-05-06,1759.099976
2009-05-07,1716.239990
2009-05-08,1739.000000
2009-05-11,1731.239990
2009-05-12,1715.920044
2009-05-13,1664.189941
2009-05-14,1689.209961
2009-05-15,1680.140015
2009-05-18,1732.359985
2009-05-19,1734.540039
2009-05-20,1727.839966
2009-05-21,1695.250000
2009-05-22,1692.010010
2009-05-26,1750.430054
2009-05-27,1731.079956
2009-05-28,1751.790039
2009-05-29,1774.329956
2009-06-01,1828.680054
2009-06-02,1836.800049
2009-06-03,1825.920044
2009-06-04,1850.020020
2009-06-05,1849.420044
2009-06-08,1842.400024
2009-06-09,1860.130005
2009-06-10,1853.079956
2009-06-11,1862.369995
2009-06-12,1858.800049
2009-06-15,1816.380005
2009-06-16,1796.180054
2009-06-17,1808.060059
2009-06-18,1807.719971
2009-06-19,1827.469971
2009-06-22,1766.189941
2009-06-23,1764.920044
2009-06-24,1792.339966
2009-06-25,1829.540039
2009-06-26,1838.219971
2009-06-29,1844.060059
2009-06-30,1835.040039
2009-07-01,1845.719971
2009-07-02,1796.520020
2009-07-06,1787.400024
2009-07-07,1746.170044
2009-07-08,1747.170044
2009-07-09,1752.550049
2009-07-10,1756.030029
2009-07-13,1793.209961
2009-07-14,1799.729980
2009-07-15,1862.900024
2009-07-16,1885.030029
2009-07-17,1886.609985
2009-07-20,1909.290039
2009-07-21,1916.199951
2009-07-22,1926.380005
2009-07-23,1973.599976
2009-07-24,1965.959961
2009-07-27,1967.890015
2009-07-28,1975.510010
2009-07-29,1967.760010
2009-07-30,1984.300049
2009-07-31,1978.500000
2009-08-03,2008.609985
2009-08-04,2011.310059
2009-08-05,1993.050049
2009-08-06,1973.160034
2009-08-07,2000.250000
2009-08-10,1992.239990
2009-08-11,1969.729980
2009-08-12,1998.719971
2009-08-13,2009.349976
2009-08-14,1985.520020
2009-08-17,1930.839966
2009-08-18,1955.920044
2009-08-19,1969.239990
2009-08-20,1989.219971
2009-08-21,2020.900024
2009-08-24,2017.979980
2009-08-25,2024.229980
2009-08-26,2024.430054
2009-08-27,2027.729980
2009-08-28,2028.770020
2009-08-31,2009.060059
2009-09-01,1968.890015
2009-09-02,1967.069946
2009-09-03,1983.199951
2009-09-04,2018.780029
2009-09-08,2037.770020
2009-09-09,2060.389893
2009-09-10,2084.020020
2009-09-11,2080.899902
2009-09-14,2091.780029
2009-09-15,2102.639893
2009-09-16,2133.149902
2009-09-17,2126.750000
2009-09-18,2132.860107
2009-09-21,2138.040039
2009-09-22,2146.300049
2009-09-23,2131.419922
2009-09-24,2107.610107
2009-09-25,2090.919922
2009-09-28,2130.739990
2009-09-29,2124.040039
2009-09-30,2122.419922
2009-10-01,2057.479980
2009-10-02,2048.110107
2009-10-05,2068.149902
2009-10-06,2103.570068
2009-10-07,2110.330078
2009-10-08,2123.929932
2009-10-09,2139.280029
2009-10-12,2139.139893
2009-10-13,2139.889893
2009-10-14,2172.229980
2009-10-15,2173.290039
2009-10-16,2156.800049
2009-10-19,2176.320068
2009-10-20,2163.469971
2009-10-21,2150.729980
2009-10-22,2165.290039
2009-10-23,2154.469971
2009-10-26,2141.850098
2009-10-27,2116.090088
2009-10-28,2059.610107
2009-10-29,2097.550049
2009-10-30,2045.109985
2009-11-02,2049.199951
2009-11-03,2057.320068
2009-11-04,2055.520020
2009-11-05,2105.320068
2009-11-06,2112.439941
2009-11-09,2154.060059
2009-11-10,2151.080078
2009-11-11,2166.899902
2009-11-12,2149.020020
2009-11-13,2167.879883
2009-11-16,2197.850098
2009-11-17,2203.780029
2009-11-18,2193.139893
2009-11-19,2156.820068
2009-11-20,2146.040039
2009-11-23,2176.010010
2009-11-24,2169.179932
2009-11-25,2176.050049
2009-11-27,2138.439941
2009-11-30,2144.600098
2009-12-01,2175.810059
2009-12-02,2185.030029
2009-12-03,2173.139893
2009-12-04,2194.350098
2009-12-07,2189.610107
2009-12-08,2172.989990
2009-12-09,2183.729980
2009-12-10,2190.860107
2009-12-11,2190.310059
2009-12-14,2212.100098
2009-12-15,2201.050049
2009-12-16,2206.909912
2009-12-17,2180.050049
2009-12-18,2211.689941
2009-12-21,2237.659912
2009-12-22,2252.669922
2009-12-23,2269.639893
2009-12-24,2285.689941
2009-12-28,2291.080078
2009-12-29,2288.399902
2009-12-30,2291.280029
2009-12-31,2269.149902
2010-01-04,2308.419922
2010-01-05,2308.709961
2010-01-06,2301.090088
2010-01-07,2300.050049
2010-01-08,2317.169922
2010-01-11,2312.409912
2010-01-12,2282.310059
2010-01-13,2307.899902
2010-01-14,2316.739990
2010-01-15,2287.989990
2010-01-19,2320.399902
2010-01-20,2291.250000
2010-01-21,2265.699951
2010-01-22,2205.290039
2010-01-25,2210.800049
2010-01-26,2203.729980
2010-01-27,2221.409912
2010-01-28,2179.000000
2010-01-29,2147.350098
2010-02-01,2171.199951
2010-02-02,2190.060059
2010-02-03,2190.909912
2010-02-04,2125.429932
2010-02-05,2141.120117
2010-02-08,2126.050049
2010-02-09,2150.870117
2010-02-10,2147.870117
2010-02-11,2177.409912
2010-02-12,2183.530029
2010-02-16,2214.189941
2010-02-17,2226.290039
2010-02-18,2241.709961
2010-02-19,2243.870117
2010-02-22,2242.030029
2010-02-23,2213.439941
2010-02-24,2235.899902
2010-02-25,2234.219971
2010-02-26,2238.260010
2010-03-01,2273.570068
2010-03-02,2280.790039
2010-03-03,2280.679932
2010-03-04,2292.310059
2010-03-05,2326.350098
2010-03-08,2332.209961
2010-03-09,2340.679932
2010-03-10,2358.949951
2010-03-11,2368.459961
2010-03-12,2367.659912
2010-03-15,2362.209961
2010-03-16,2378.010010
2010-03-17,2389.090088
2010-03-18,2391.280029
2010-03-19,2374.409912
2010-03-22,2395.399902
2010-03-23,2415.239990
2010-03-24,2398.760010
2010-03-25,2397.409912
2010-03-26,2395.129883
2010-03-29,2404.360107
2010-03-30,2410.689941
2010-03-31,2397.959961
2010-04-01,2402.580078
2010-04-05,2429.530029
2010-04-06,2436.810059
2010-04-07,2431.159912
2010-04-08,2436.810059
2010-04-09,2454.050049
2010-04-12,2457.870117
2010-04-13,2465.989990
2010-04-14,2504.860107
2010-04-15,2515.689941
2010-04-16,2481.260010
2010-04-19,2480.110107
2010-04-20,2500.310059
2010-04-21,2504.610107
2010-04-22,2519.070068
2010-04-23,2530.149902
2010-04-26,2522.949951
2010-04-27,2471.469971
2010-04-28,2471.729980
2010-04-29,2511.919922
2010-04-30,2461.189941
2010-05-03,2498.739990
2010-05-04,2424.250000
2010-05-05,2402.290039
2010-05-06,2319.639893
2010-05-07,2265.639893
2010-05-10,2374.669922
2010-05-11,2375.310059
2010-05-12,2425.020020
2010-05-13,2394.360107
2010-05-14,2346.850098
2010-05-17,2354.229980
2010-05-18,2317.260010
2010-05-19,2298.370117
2010-05-20,2204.010010
2010-05-21,2229.040039
2010-05-24,2213.550049
2010-05-25,2210.949951
2010-05-26,2195.879883
2010-05-27,2277.679932
2010-05-28,2257.040039
2010-06-01,2222.330078
2010-06-02,2281.070068
2010-06-03,2303.030029
2010-06-04,2219.169922
2010-06-07,2173.899902
2010-06-08,2170.570068
2010-06-09,2158.850098
2010-06-10,2218.709961
2010-06-11,2243.600098
2010-06-14,2243.959961
2010-06-15,2305.879883
2010-06-16,2305.929932
2010-06-17,2307.159912
2010-06-18,2309.800049
2010-06-21,2289.090088
2010-06-22,2261.800049
2010-06-23,2254.229980
2010-06-24,2217.419922
2010-06-25,2223.479980
2010-06-28,2220.649902
2010-06-29,2135.179932
2010-06-30,2109.239990
2010-07-01,2101.360107
2010-07-02,2091.790039
2010-07-06,2093.879883
2010-07-07,2159.469971
2010-07-08,2175.399902
2010-07-09,2196.449951
2010-07-12,2198.360107
2010-07-13,2242.030029
2010-07-14,2249.840088
2010-07-15,2249.080078
2010-07-16,2179.050049
2010-07-19,2198.229980
2010-07-20,2222.489990
2010-07-21,2187.330078
2010-07-22,2245.889893
2010-07-23,2269.469971
2010-07-26,2296.429932
2010-07-27,2288.250000
2010-07-28,2264.560059
2010-07-29,2251.689941
2010-07-30,2254.699951
2010-08-02,2295.360107
2010-08-03,2283.520020
2010-08-04,2303.570068
2010-08-05,2293.060059
2010-08-06,2288.469971
2010-08-09,2305.689941
2010-08-10,2277.169922
2010-08-11,2208.629883
2010-08-12,2190.270020
2010-08-13,2173.479980
2010-08-16,2181.870117
2010-08-17,2209.439941
2010-08-18,2215.699951
2010-08-19,2178.949951
2010-08-20,2179.760010
2010-08-23,2159.629883
2010-08-24,2123.760010
2010-08-25,2141.540039
2010-08-26,2118.689941
2010-08-27,2153.629883
2010-08-30,2119.969971
2010-08-31,2114.030029
2010-09-01,2176.840088
2010-09-02,2200.010010
2010-09-03,2233.750000
2010-09-07,2208.889893
2010-09-08,2228.870117
2010-09-09,2236.199951
2010-09-10,2242.479980
2010-09-13,2285.709961
2010-09-14,2289.770020
2010-09-15,2301.320068
2010-09-16,2303.250000
2010-09-17,2315.610107
2010-09-20,2355.830078
2010-09-21,2349.350098
2010-09-22,2334.550049
2010-09-23,2327.080078
2010-09-24,2381.219971
2010-09-27,2369.770020
2010-09-28,2379.590088
2010-09-29,2376.560059
2010-09-30,2368.620117
2010-10-01,2370.750000
2010-10-04,2344.520020
2010-10-05,2399.830078
2010-10-06,2380.659912
2010-10-07,2383.669922
2010-10-08,2401.909912
2010-10-11,2402.330078
2010-10-12,2417.919922
2010-10-13,2441.229980
2010-10-14,2435.379883
2010-10-15,2468.770020
2010-10-18,2480.659912
2010-10-19,2436.949951
2010-10-20,2457.389893
2010-10-21,2459.669922
2010-10-22,2479.389893
2010-10-25,2490.850098
2010-10-26,2497.290039
2010-10-27,2503.260010
2010-10-28,2507.370117
2010-10-29,2507.409912
2010-11-01,2504.840088
2010-11-02,2533.520020
2010-11-03,2540.270020
2010-11-04,2577.340088
2010-11-05,2578.979980
2010-11-08,2580.050049
2010-11-09,2562.979980
2010-11-10,2578.780029
2010-11-11,2555.520020
2010-11-12,2518.209961
2010-11-15,2513.820068
2010-11-16,2469.840088
2010-11-17,2476.010010
2010-11-18,2514.399902
2010-11-19,2518.120117
2010-11-22,2532.020020
2010-11-23,2494.949951
2010-11-24,2543.120117
2010-11-26,2534.560059
2010-11-29,2525.219971
2010-11-30,2498.229980
2010-12-01,2549.429932
2010-12-02,2579.350098
2010-12-03,2591.459961
2010-12-06,2594.919922
2010-12-07,2598.489990
2010-12-08,2609.159912
2010-12-09,2616.669922
2010-12-10,2637.540039
2010-12-13,2624.909912
2010-12-14,2627.719971
2010-12-15,2617.219971
2010-12-16,2637.310059
2010-12-17,2642.969971
2010-12-20,2649.560059
2010-12-21,2667.610107
2010-12-22,2671.479980
2010-12-23,2665.600098
2010-12-27,2667.270020
2010-12-28,2662.879883
2010-12-29,2666.929932
2010-12-30,2662.979980
2010-12-31,2652.870117
2011-01-03,2691.520020
2011-01-04,2681.250000
2011-01-05,2702.199951
2011-01-06,2709.889893
2011-01-07,2703.169922
2011-01-10,2707.800049
2011-01-11,2716.830078
2011-01-12,2737.330078
2011-01-13,2735.290039
2011-01-14,2755.300049
2011-01-18,2765.850098
2011-01-19,2725.360107
2011-01-20,2704.290039
2011-01-21,2689.540039
2011-01-24,2717.550049
2011-01-25,2719.250000
2011-01-26,2739.500000
2011-01-27,2755.280029
2011-01-28,2686.889893
2011-01-31,2700.080078
2011-02-01,2751.189941
2011-02-02,2749.560059
2011-02-03,2753.879883
2011-02-04,2769.300049
2011-02-07,2783.989990
2011-02-08,2797.050049
2011-02-09,2789.070068
2011-02-10,2790.449951
2011-02-11,2809.439941
2011-02-14,2817.179932
2011-02-15,2804.350098
2011-02-16,2825.560059
2011-02-17,2831.580078
2011-02-18,2833.949951
2011-02-22,2756.419922
2011-02-23,2722.989990
2011-02-24,2737.899902
2011-02-25,2781.050049
2011-02-28,2782.270020
2011-03-01,2737.409912
2011-03-02,2748.070068
2011-03-03,2798.739990
2011-03-04,2784.669922
2011-03-07,2745.629883
2011-03-08,2765.770020
2011-03-09,2751.719971
2011-03-10,2701.020020
2011-03-11,2715.610107
2011-03-14,2700.969971
2011-03-15,2667.330078
2011-03-16,2616.820068
2011-03-17,2636.050049
2011-03-18,2643.669922
2011-03-21,2692.090088
2011-03-22,2683.870117
2011-03-23,2698.300049
2011-03-24,2736.419922
2011-03-25,2743.060059
2011-03-28,2730.679932
2011-03-29,2756.889893
2011-03-30,2776.790039
2011-03-31,2781.070068
2011-04-01,2789.600098
2011-04-04,2789.189941
2011-04-05,2791.189941
2011-04-06,2799.820068
2011-04-07,2796.139893
2011-04-08,2780.419922
2011-04-11,2771.510010
2011-04-12,2744.790039
2011-04-13,2761.520020
2011-04-14,2760.219971
2011-04-15,2764.649902
2011-04-18,2735.379883
2011-04-19,2744.969971
2011-04-20,2802.510010
2011-04-21,2820.159912
2011-04-25,2825.879883
2011-04-26,2847.540039
2011-04-27,2869.879883
2011-04-28,2872.530029
2011-04-29,2873.540039
2011-05-02,2864.080078
2011-05-03,2841.620117
2011-05-04,2828.229980
2011-05-05,2814.719971
2011-05-06,2827.560059
2011-05-09,2843.250000
2011-05-10,2871.889893
2011-05-11,2845.060059
2011-05-12,2863.040039
2011-05-13,2828.469971
2011-05-16,2782.310059
2011-05-17,2783.209961
2011-05-18,2815.000000
2011-05-19,2823.310059
2011-05-20,2803.320068
2011-05-23,2758.899902
2011-05-24,2746.159912
2011-05-25,2761.379883
2011-05-26,2782.919922
2011-05-27,2796.860107
2011-05-31,2835.300049
2011-06-01,2769.189941
2011-06-02,2773.310059
2011-06-03,2732.780029
2011-06-06,2702.560059
2011-06-07,2701.560059
2011-06-08,2675.379883
2011-06-09,2684.870117
2011-06-10,2643.729980
2011-06-13,2639.689941
2011-06-14,2678.719971
2011-06-15,2631.459961
2011-06-16,2623.699951
2011-06-17,2616.479980
2011-06-20,2629.659912
2011-06-21,2687.260010
2011-06-22,2669.189941
2011-06-23,2686.750000
2011-06-24,2652.889893
2011-06-27,2688.280029
2011-06-28,2729.310059
2011-06-29,2740.489990
2011-06-30,2773.520020
2011-07-01,2816.030029
2011-07-05,2825.770020
2011-07-06,2834.020020
2011-07-07,2872.659912
2011-07-08,2859.810059
2011-07-11,2802.620117
2011-07-12,2781.909912
2011-07-13,2796.919922
2011-07-14,2762.669922
2011-07-15,2789.800049
2011-07-18,2765.110107
2011-07-19,2826.520020
2011-07-20,2814.229980
2011-07-21,2834.429932
2011-07-22,2858.830078
2011-07-25,2842.800049
2011-07-26,2839.959961
2011-07-27,2764.790039
2011-07-28,2766.250000
2011-07-29,2756.379883
2011-08-01,2744.610107
2011-08-02,2669.239990
2011-08-03,2693.070068
2011-08-04,2556.389893
2011-08-05,2532.409912
2011-08-08,2357.689941
2011-08-09,2482.520020
2011-08-10,2381.050049
2011-08-11,2492.679932
2011-08-12,2507.979980
2011-08-15,2555.199951
2011-08-16,2523.449951
2011-08-17,2511.479980
2011-08-18,2380.429932
2011-08-19,2341.840088
2011-08-22,2345.379883
2011-08-23,2446.060059
2011-08-24,2467.689941
2011-08-25,2419.629883
2011-08-26,2479.850098
2011-08-29,2562.110107
2011-08-30,2576.110107
2011-08-31,2579.459961
2011-09-01,2546.040039
2011-09-02,2480.330078
2011-09-06,2473.830078
2011-09-07,2548.939941
2011-09-08,2529.139893
2011-09-09,2467.989990
2011-09-12,2495.090088
2011-09-13,2532.149902
2011-09-14,2572.550049
2011-09-15,2607.070068
2011-09-16,2622.310059
2011-09-19,2612.830078
2011-09-20,2590.239990
2011-09-21,2538.189941
2011-09-22,2455.669922
2011-09-23,2483.229980
2011-09-26,2516.689941
2011-09-27,2546.830078
2011-09-28,2491.580078
2011-09-29,2480.760010
2011-09-30,2415.399902
2011-10-03,2335.830078
2011-10-04,2404.820068
2011-10-05,2460.510010
2011-10-06,2506.820068
2011-10-07,2479.350098
2011-10-10,2566.050049
2011-10-11,2583.030029
2011-10-12,2604.729980
2011-10-13,2620.239990
2011-10-14,2667.850098
2011-10-17,2614.919922
2011-10-18,2657.429932
2011-10-19,2604.040039
2011-10-20,2598.620117
2011-10-21,2637.459961
2011-10-24,2699.439941
2011-10-25,2638.419922
2011-10-26,2650.669922
2011-10-27,2738.629883
2011-10-28,2737.149902
2011-10-31,2684.409912
2011-11-01,2606.959961
2011-11-02,2639.979980
2011-11-03,2697.969971
2011-11-04,2686.149902
2011-11-07,2695.250000
2011-11-08,2727.489990
2011-11-09,2621.649902
2011-11-10,2625.149902
2011-11-11,2678.750000
2011-11-14,2657.219971
2011-11-15,2686.199951
2011-11-16,2639.610107
2011-11-17,2587.989990
2011-11-18,2572.500000
2011-11-21,2523.139893
2011-11-22,2521.280029
2011-11-23,2460.080078
2011-11-25,2441.510010
2011-11-28,2527.340088
2011-11-29,2515.510010
2011-11-30,2620.340088
2011-12-01,2626.199951
2011-12-02,2626.929932
2011-12-05,2655.760010
2011-12-06,2649.560059
2011-12-07,2649.209961
2011-12-08,2596.379883
2011-12-09,2646.850098
2011-12-12,2612.260010
2011-12-13,2579.270020
2011-12-14,2539.310059
2011-12-15,2541.010010
2011-12-16,2555.330078
2011-12-19,2523.139893
2011-12-20,2603.729980
2011-12-21,2577.969971
2011-12-22,2599.449951
2011-12-23,2618.639893
2011-12-27,2625.199951
2011-12-28,2589.979980
2011-12-29,2613.739990
2011-12-30,2605.149902
2012-01-03,2648.719971
2012-01-04,2648.360107
2012-01-05,2669.860107
2012-01-06,2674.219971
2012-01-09,2676.560059
2012-01-10,2702.500000
2012-01-11,2710.760010
2012-01-12,2724.699951
2012-01-13,2710.669922
2012-01-17,2728.080078
2012-01-18,2769.709961
2012-01-19,2788.330078
2012-01-20,2786.699951
2012-01-23,2784.169922
2012-01-24,2786.639893
2012-01-25,2818.310059
2012-01-26,2805.280029
2012-01-27,2816.550049
2012-01-30,2811.939941
2012-01-31,2813.840088
2012-02-01,2848.270020
2012-02-02,2859.679932
2012-02-03,2905.659912
2012-02-06,2901.989990
2012-02-07,2904.080078
2012-02-08,2915.860107
2012-02-09,2927.229980
2012-02-10,2903.879883
2012-02-13,2931.389893
2012-02-14,2931.830078
2012-02-15,2915.830078
2012-02-16,2959.850098
2012-02-17,2951.780029
2012-02-21,2948.570068
2012-02-22,2933.169922
2012-02-23,2956.979980
2012-02-24,2963.750000
2012-02-27,2966.159912
2012-02-28,2986.760010
2012-02-29,2966.889893
2012-03-01,2988.969971
2012-03-02,2976.189941
2012-03-05,2950.479980
2012-03-06,2910.320068
2012-03-07,2935.689941
2012-03-08,2970.419922
2012-03-09,2988.340088
2012-03-12,2983.659912
2012-03-13,3039.879883
2012-03-14,3040.729980
2012-03-15,3056.370117
2012-03-16,3055.260010
2012-03-19,3078.320068
2012-03-20,3074.149902
2012-03-21,3075.320068
2012-03-22,3063.320068
2012-03-23,3067.919922
2012-03-26,3122.570068
2012-03-27,3120.350098
2012-03-28,3104.959961
2012-03-29,3095.360107
2012-03-30,3091.570068
2012-04-02,3119.699951
2012-04-03,3113.570068
2012-04-04,3068.090088
2012-04-05,3080.500000
2012-04-09,3047.080078
2012-04-10,2991.219971
2012-04-11,3016.459961
2012-04-12,3055.550049
2012-04-13,3011.330078
2012-04-16,2988.399902
2012-04-17,3042.820068
2012-04-18,3031.449951
2012-04-19,3007.560059
2012-04-20,3000.449951
2012-04-23,2970.449951
2012-04-24,2961.600098
2012-04-25,3029.629883
2012-04-26,3050.610107
2012-04-27,3069.199951
2012-04-30,3046.360107
2012-05-01,3050.439941
2012-05-02,3059.850098
2012-05-03,3024.300049
2012-05-04,2956.340088
2012-05-07,2957.760010
2012-05-08,2946.270020
2012-05-09,2934.709961
2012-05-10,2933.639893
2012-05-11,2933.820068
2012-05-14,2902.580078
2012-05-15,2893.760010
2012-05-16,2874.040039
2012-05-17,2813.689941
2012-05-18,2778.790039
2012-05-21,2847.209961
2012-05-22,2839.080078
2012-05-23,2850.120117
2012-05-24,2839.379883
2012-05-25,2837.530029
2012-05-29,2870.989990
2012-05-30,2837.360107
2012-05-31,2827.340088
2012-06-01,2747.479980
2012-06-04,2760.010010
2012-06-05,2778.110107
2012-06-06,2844.719971
2012-06-07,2831.020020
2012-06-08,2858.419922
2012-06-11,2809.729980
2012-06-12,2843.070068
2012-06-13,2818.610107
2012-06-14,2836.330078
2012-06-15,2872.800049
2012-06-18,2895.330078
2012-06-19,2929.760010
2012-06-20,2930.449951
2012-06-21,2859.090088
2012-06-22,2892.419922
2012-06-25,2836.159912
2012-06-26,2854.060059
2012-06-27,2875.320068
2012-06-28,2849.489990
2012-06-29,2935.050049
2012-07-02,2951.229980
2012-07-03,2976.080078
2012-07-05,2976.120117
2012-07-06,2937.330078
2012-07-09,2931.770020
2012-07-10,2902.330078
2012-07-11,2887.979980
2012-07-12,2866.189941
2012-07-13,2908.469971
2012-07-16,2896.939941
2012-07-17,2910.040039
2012-07-18,2942.600098
2012-07-19,2965.899902
2012-07-20,2925.300049
2012-07-23,2890.149902
2012-07-24,2862.989990
2012-07-25,2854.239990
2012-07-26,2893.250000
2012-07-27,2958.090088
2012-07-30,2945.840088
2012-07-31,2939.520020
2012-08-01,2920.209961
2012-08-02,2909.770020
2012-08-03,2967.899902
2012-08-06,2989.909912
2012-08-07,3015.860107
2012-08-08,3011.250000
2012-08-09,3018.639893
2012-08-10,3020.860107
2012-08-13,3022.520020
2012-08-14,3016.979980
2012-08-15,3030.929932
2012-08-16,3062.389893
2012-08-17,3076.590088
2012-08-20,3076.209961
2012-08-21,3067.260010
2012-08-22,3073.669922
2012-08-23,3053.399902
2012-08-24,3069.790039
2012-08-27,3073.189941
2012-08-28,3077.139893
2012-08-29,3081.189941
2012-08-30,3048.709961
2012-08-31,3066.959961
2012-09-04,3075.060059
2012-09-05,3069.270020
2012-09-06,3135.810059
2012-09-07,3136.419922
2012-09-10,3104.020020
2012-09-11,3104.530029
2012-09-12,3114.310059
2012-09-13,3155.830078
2012-09-14,3183.949951
2012-09-17,3178.669922
2012-09-18,3177.800049
2012-09-19,3182.620117
2012-09-20,3175.959961
2012-09-21,3179.959961
2012-09-24,3160.780029
2012-09-25,3117.729980
2012-09-26,3093.699951
2012-09-27,3136.600098
2012-09-28,3116.229980
2012-10-01,3113.530029
2012-10-02,3120.040039
2012-10-03,3135.229980
2012-10-04,3149.459961
2012-10-05,3136.189941
2012-10-08,3112.350098
2012-10-09,3065.020020
2012-10-10,3051.780029
2012-10-11,3049.409912
2012-10-12,3044.110107
2012-10-15,3064.179932
2012-10-16,3101.169922
2012-10-17,3104.120117
2012-10-18,3072.870117
2012-10-19,3005.620117
2012-10-22,3016.959961
2012-10-23,2990.459961
2012-10-24,2981.699951
2012-10-25,2986.120117
2012-10-26,2987.949951
2012-10-31,2977.229980
2012-11-01,3020.060059
2012-11-02,2982.129883
2012-11-05,2999.659912
2012-11-06,3011.929932
2012-11-07,2937.290039
2012-11-08,2895.580078
2012-11-09,2904.870117
2012-11-12,2904.250000
2012-11-13,2883.889893
2012-11-14,2846.810059
2012-11-15,2836.939941
2012-11-16,2853.129883
2012-11-19,2916.070068
2012-11-20,2916.679932
2012-11-21,2926.550049
2012-11-23,2966.850098
2012-11-26,2976.780029
2012-11-27,2967.790039
2012-11-28,2991.780029
2012-11-29,3012.030029
2012-11-30,3010.239990
2012-12-03,3002.199951
2012-12-04,2996.689941
2012-12-05,2973.699951
2012-12-06,2989.270020
2012-12-07,2978.040039
2012-12-10,2986.959961
2012-12-11,3022.300049
2012-12-12,3013.810059
2012-12-13,2992.159912
2012-12-14,2971.330078
2012-12-17,3010.600098
2012-12-18,3054.530029
2012-12-19,3044.360107
2012-12-20,3050.389893
2012-12-21,3021.010010
2012-12-24,3012.600098
2012-12-26,2990.159912
2012-12-27,2985.909912
2012-12-28,2960.310059
2012-12-31,3019.510010
2013-01-02,3112.260010
2013-01-03,3100.570068
2013-01-04,3101.659912
2013-01-07,3098.810059
2013-01-08,3091.810059
2013-01-09,3105.810059
2013-01-10,3121.760010
2013-01-11,3125.629883
2013-01-14,3117.500000
2013-01-15,3110.780029
2013-01-16,3117.540039
2013-01-17,3136.000000
2013-01-18,3134.709961
2013-01-22,3143.179932
2013-01-23,3153.669922
2013-01-24,3130.379883
2013-01-25,3149.709961
2013-01-28,3154.300049
2013-01-29,3153.659912
2013-01-30,3142.310059
2013-01-31,3142.129883
2013-02-01,3179.100098
2013-02-04,3131.169922
2013-02-05,3171.580078
2013-02-06,3168.479980
2013-02-07,3165.129883
2013-02-08,3193.870117
2013-02-11,3192.000000
2013-02-12,3186.489990
2013-02-13,3196.879883
2013-02-14,3198.659912
2013-02-15,3192.030029
2013-02-19,3213.590088
2013-02-20,3164.409912
2013-02-21,3131.489990
2013-02-22,3161.820068
2013-02-25,3116.250000
2013-02-26,3129.649902
2013-02-27,3162.260010
2013-02-28,3160.189941
2013-03-01,3169.739990
2013-03-04,3182.030029
2013-03-05,3224.129883
2013-03-06,3222.370117
2013-03-07,3232.090088
2013-03-08,3244.370117
2013-03-11,3252.870117
2013-03-12,3242.320068
2013-03-13,3245.120117
2013-03-14,3258.929932
2013-03-15,3249.070068
2013-03-18,3237.590088
2013-03-19,3229.100098
2013-03-20,3254.189941
2013-03-21,3222.600098
2013-03-22,3245.000000
2013-03-25,3235.300049
2013-03-26,3252.479980
2013-03-27,3256.520020
2013-03-28,3267.520020
2013-04-01,3239.169922
2013-04-02,3254.860107
2013-04-03,3218.600098
2013-04-04,3224.979980
2013-04-05,3203.860107
2013-04-08,3222.250000
2013-04-09,3237.860107
2013-04-10,3297.250000
2013-04-11,3300.159912
2013-04-12,3294.949951
2013-04-15,3216.489990
2013-04-16,3264.629883
2013-04-17,3204.669922
2013-04-18,3166.360107
2013-04-19,3206.060059
2013-04-22,3233.550049
2013-04-23,3269.330078
2013-04-24,3269.649902
2013-04-25,3289.989990
2013-04-26,3279.260010
2013-04-29,3307.020020
2013-04-30,3328.790039
2013-05-01,3299.129883
2013-05-02,3340.620117
2013-05-03,3378.629883
2013-05-06,3392.969971
2013-05-07,3396.629883
2013-05-08,3413.270020
2013-05-09,3409.169922
2013-05-10,3436.580078
2013-05-13,3438.790039
2013-05-14,3462.610107
2013-05-15,3471.620117
2013-05-16,3465.239990
2013-05-17,3498.969971
2013-05-20,3496.429932
2013-05-21,3502.120117
2013-05-22,3463.300049
2013-05-23,3459.419922
2013-05-24,3459.139893
2013-05-28,3488.889893
2013-05-29,3467.520020
2013-05-30,3491.300049
2013-05-31,3455.909912
2013-06-03,3465.370117
2013-06-04,3445.260010
2013-06-05,3401.479980
2013-06-06,3424.050049
2013-06-07,3469.219971
2013-06-10,3473.770020
2013-06-11,3436.949951
2013-06-12,3400.429932
2013-06-13,3445.360107
2013-06-14,3423.560059
2013-06-17,3452.129883
2013-06-18,3482.179932
2013-06-19,3443.199951
2013-06-20,3364.639893
2013-06-21,3357.250000
2013-06-24,3320.760010
2013-06-25,3347.889893
2013-06-26,3376.219971
2013-06-27,3401.860107
2013-06-28,3403.250000
2013-07-01,3434.489990
2013-07-02,3433.399902
2013-07-03,3443.669922
2013-07-05,3479.379883
2013-07-08,3484.830078
2013-07-09,3504.260010
2013-07-10,3520.760010
2013-07-11,3578.300049
2013-07-12,3600.080078
2013-07-15,3607.489990
2013-07-16,3598.500000
2013-07-17,3610.000000
2013-07-18,3611.280029
2013-07-19,3587.610107
2013-07-22,3600.389893
2013-07-23,3579.270020
2013-07-24,3579.600098
2013-07-25,3605.189941
2013-07-26,3613.159912
2013-07-29,3599.139893
2013-07-30,3616.469971
2013-07-31,3626.370117
2013-08-01,3675.739990
2013-08-02,3689.590088
2013-08-05,3692.949951
2013-08-06,3665.770020
2013-08-07,3654.010010
2013-08-08,3669.120117
2013-08-09,3660.110107
2013-08-12,3669.949951
2013-08-13,3684.439941
2013-08-14,3669.270020
2013-08-15,3606.120117
2013-08-16,3602.780029
2013-08-19,3589.090088
2013-08-20,3613.590088
2013-08-21,3599.790039
2013-08-22,3638.709961
2013-08-23,3657.790039
2013-08-26,3657.570068
2013-08-27,3578.520020
2013-08-28,3593.350098
2013-08-29,3620.300049
2013-08-30,3589.870117
2013-09-03,3612.610107
2013-09-04,3649.040039
2013-09-05,3658.780029
2013-09-06,3660.010010
2013-09-09,3706.179932
2013-09-10,3729.020020
2013-09-11,3725.010010
2013-09-12,3715.969971
2013-09-13,3722.179932
2013-09-16,3717.850098
2013-09-17,3745.699951
2013-09-18,3783.639893
2013-09-19,3789.379883
2013-09-20,3774.729980
2013-09-23,3765.290039
2013-09-24,3768.250000
2013-09-25,3761.100098
2013-09-26,3787.429932
2013-09-27,3781.590088
2013-09-30,3771.479980
2013-10-01,3817.979980
2013-10-02,3815.020020
2013-10-03,3774.340088
2013-10-04,3807.750000
2013-10-07,3770.379883
2013-10-08,3694.830078
2013-10-09,3677.780029
2013-10-10,3760.750000
2013-10-11,3791.870117
2013-10-14,3815.280029
2013-10-15,3794.010010
2013-10-16,3839.429932
2013-10-17,3863.149902
2013-10-18,3914.280029
2013-10-21,3920.050049
2013-10-22,3929.570068
2013-10-23,3907.070068
2013-10-24,3928.959961
2013-10-25,3943.360107
2013-10-28,3940.129883
2013-10-29,3952.340088
2013-10-30,3930.620117
2013-10-31,3919.709961
2013-11-01,3922.040039
2013-11-04,3936.590088
2013-11-05,3939.860107
2013-11-06,3931.949951
2013-11-07,3857.330078
2013-11-08,3919.229980
2013-11-11,3919.790039
2013-11-12,3919.919922
2013-11-13,3965.580078
2013-11-14,3972.739990
2013-11-15,3985.969971
2013-11-18,3949.070068
2013-11-19,3931.550049
2013-11-20,3921.270020
2013-11-21,3969.159912
2013-11-22,3991.649902
2013-11-25,3994.570068
2013-11-26,4017.750000
2013-11-27,4044.750000
2013-11-29,4059.889893
2013-12-02,4045.260010
2013-12-03,4037.199951
2013-12-04,4038.000000
2013-12-05,4033.169922
2013-12-06,4062.520020
2013-12-09,4068.750000
2013-12-10,4060.489990
2013-12-11,4003.810059
2013-12-12,3998.399902
2013-12-13,4000.979980
2013-12-16,4029.520020
2013-12-17,4023.679932
2013-12-18,4070.060059
2013-12-19,4058.139893
2013-12-20,4104.740234
2013-12-23,4148.899902
2013-12-24,4155.419922
2013-12-26,4167.180176
2013-12-27,4156.589844
2013-12-30,4154.200195
2013-12-31,4176.589844
2014-01-02,4143.069824
2014-01-03,4131.910156
2014-01-06,4113.680176
2014-01-07,4153.180176
2014-01-08,4165.609863
2014-01-09,4156.189941
2014-01-10,4174.669922
2014-01-13,4113.299805
2014-01-14,4183.020020
2014-01-15,4214.879883
2014-01-16,4218.689941
2014-01-17,4197.580078
2014-01-21,4225.759766
2014-01-22,4243.000000
2014-01-23,4218.879883
2014-01-24,4128.169922
2014-01-27,4083.610107
2014-01-28,4097.959961
2014-01-29,4051.429932
2014-01-30,4123.129883
2014-01-31,4103.879883
2014-02-03,3996.959961
2014-02-04,4031.520020
2014-02-05,4011.550049
2014-02-06,4057.120117
2014-02-07,4125.859863
2014-02-10,4148.169922
2014-02-11,4191.049805
2014-02-12,4201.290039
2014-02-13,4240.669922
2014-02-14,4244.020020
2014-02-18,4272.779785
2014-02-19,4237.950195
2014-02-20,4267.549805
2014-02-21,4263.410156
2014-02-24,4292.970215
2014-02-25,4287.589844
2014-02-26,4292.060059
2014-02-27,4318.930176
2014-02-28,4308.120117
2014-03-03,4277.299805
2014-03-04,4351.970215
2014-03-05,4357.970215
2014-03-06,4352.129883
2014-03-07,4336.220215
2014-03-10,4334.450195
2014-03-11,4307.189941
2014-03-12,4323.330078
2014-03-13,4260.419922
2014-03-14,4245.399902
2014-03-17,4279.950195
2014-03-18,4333.310059
2014-03-19,4307.600098
2014-03-20,4319.290039
2014-03-21,4276.790039
2014-03-24,4226.390137
2014-03-25,4234.270020
2014-03-26,4173.580078
2014-03-27,4151.229980
2014-03-28,4155.759766
2014-03-31,4198.990234
2014-04-01,4268.040039
2014-04-02,4276.459961
2014-04-03,4237.740234
2014-04-04,4127.729980
2014-04-07,4079.750000
2014-04-08,4112.990234
2014-04-09,4183.899902
2014-04-10,4054.110107
2014-04-11,3999.729980
2014-04-14,4022.689941
2014-04-15,4034.159912
2014-04-16,4086.229980
2014-04-17,4095.520020
2014-04-21,4121.549805
2014-04-22,4161.459961
2014-04-23,4126.970215
2014-04-24,4148.339844
2014-04-25,4075.560059
2014-04-28,4074.399902
2014-04-29,4103.540039
2014-04-30,4114.560059
2014-05-01,4127.450195
2014-05-02,4123.899902
2014-05-05,4138.060059
2014-05-06,4080.760010
2014-05-07,4067.669922
2014-05-08,4051.500000
2014-05-09,4071.870117
2014-05-12,4143.859863
2014-05-13,4130.169922
2014-05-14,4100.629883
2014-05-15,4069.290039
2014-05-16,4090.590088
2014-05-19,4125.810059
2014-05-20,4096.890137
2014-05-21,4131.540039
2014-05-22,4154.339844
2014-05-23,4185.810059
2014-05-27,4237.069824
2014-05-28,4225.080078
2014-05-29,4247.950195
2014-05-30,4242.620117
2014-06-02,4237.200195
2014-06-03,4234.080078
2014-06-04,4251.640137
2014-06-05,4296.229980
2014-06-06,4321.399902
2014-06-09,4336.240234
2014-06-10,4338.000000
2014-06-11,4331.930176
2014-06-12,4297.629883
2014-06-13,4310.649902
2014-06-16,4321.100098
2014-06-17,4337.229980
2014-06-18,4362.839844
2014-06-19,4359.330078
2014-06-20,4368.040039
2014-06-23,4368.680176
2014-06-24,4350.350098
2014-06-25,4379.759766
2014-06-26,4379.049805
2014-06-27,4397.930176
2014-06-30,4408.180176
2014-07-01,4458.649902
2014-07-02,4457.729980
2014-07-03,4485.930176
2014-07-07,4451.529785
2014-07-08,4391.459961
2014-07-09,4419.029785
2014-07-10,4396.200195
2014-07-11,4415.490234
2014-07-14,4440.419922
2014-07-15,4416.390137
2014-07-16,4425.970215
2014-07-17,4363.450195
2014-07-18,4432.149902
2014-07-21,4424.700195
2014-07-22,4456.020020
2014-07-23,4473.700195
2014-07-24,4472.109863
2014-07-25,4449.560059
2014-07-28,4444.910156
2014-07-29,4442.700195
2014-07-30,4462.899902
2014-07-31,4369.770020
2014-08-01,4352.640137
2014-08-04,4383.890137
2014-08-05,4352.839844
2014-08-06,4355.049805
2014-08-07,4334.970215
2014-08-08,4370.899902
2014-08-11,4401.330078
2014-08-12,4389.250000
2014-08-13,4434.129883
2014-08-14,4453.000000
2014-08-15,4464.930176
2014-08-18,4508.310059
2014-08-19,4527.509766
2014-08-20,4526.479980
2014-08-21,4532.100098
2014-08-22,4538.549805
2014-08-25,4557.350098
2014-08-26,4570.640137
2014-08-27,4569.620117
2014-08-28,4557.700195
2014-08-29,4580.270020
2014-09-02,4598.189941
2014-09-03,4572.560059
2014-09-04,4562.290039
2014-09-05,4582.899902
2014-09-08,4592.290039
2014-09-09,4552.290039
2014-09-10,4586.520020
2014-09-11,4591.810059
2014-09-12,4567.600098
2014-09-15,4518.899902
2014-09-16,4552.759766
2014-09-17,4562.189941
2014-09-18,4593.430176
2014-09-19,4579.790039
2014-09-22,4527.689941
2014-09-23,4508.689941
2014-09-24,4555.220215
2014-09-25,4466.750000
2014-09-26,4512.189941
2014-09-29,4505.850098
2014-09-30,4493.390137
2014-10-01,4422.089844
2014-10-02,4430.200195
2014-10-03,4475.620117
2014-10-06,4454.799805
2014-10-07,4385.200195
2014-10-08,4468.589844
2014-10-09,4378.339844
2014-10-10,4276.240234
2014-10-13,4213.660156
2014-10-14,4227.169922
2014-10-15,4215.319824
2014-10-16,4217.390137
2014-10-17,4258.439941
2014-10-20,4316.069824
2014-10-21,4419.479980
2014-10-22,4382.850098
2014-10-23,4452.790039
2014-10-24,4483.720215
2014-10-27,4485.930176
2014-10-28,4564.290039
2014-10-29,4549.229980
2014-10-30,4566.140137
2014-10-31,4630.740234
2014-11-03,4638.910156
2014-11-04,4623.640137
2014-11-05,4620.720215
2014-11-06,4638.470215
2014-11-07,4632.529785
2014-11-10,4651.620117
2014-11-11,4660.560059
2014-11-12,4675.140137
2014-11-13,4680.140137
2014-11-14,4688.540039
2014-11-17,4671.000000
2014-11-18,4702.439941
2014-11-19,4675.709961
2014-11-20,4701.870117
2014-11-21,4712.970215
2014-11-24,4754.890137
2014-11-25,4758.250000
2014-11-26,4787.319824
2014-11-28,4791.629883
2014-12-01,4727.350098
2014-12-02,4755.810059
2014-12-03,4774.470215
2014-12-04,4769.439941
2014-12-05,4780.759766
2014-12-08,4740.689941
2014-12-09,4766.470215
2014-12-10,4684.020020
2014-12-11,4708.160156
2014-12-12,4653.600098
2014-12-15,4605.160156
2014-12-16,4547.830078
2014-12-17,4644.310059
2014-12-18,4748.399902
2014-12-19,4765.379883
2014-12-22,4781.419922
2014-12-23,4765.419922
2014-12-24,4773.470215
2014-12-26,4806.859863
2014-12-29,4806.910156
2014-12-30,4777.439941
2014-12-31,4736.049805
2015-01-02,4726.810059
2015-01-05,4652.569824
2015-01-06,4592.740234
2015-01-07,4650.470215
2015-01-08,4736.189941
2015-01-09,4704.069824
2015-01-12,4664.709961
2015-01-13,4661.500000
2015-01-14,4639.319824
2015-01-15,4570.819824
2015-01-16,4634.379883
2015-01-20,4654.850098
2015-01-21,4667.419922
2015-01-22,4750.399902
2015-01-23,4757.879883
2015-01-26,4771.759766
2015-01-27,4681.500000
2015-01-28,4637.990234
2015-01-29,4683.410156
2015-01-30,4635.240234
2015-02-02,4676.689941
2015-02-03,4727.740234
2015-02-04,4716.700195
2015-02-05,4765.100098
2015-02-06,4744.399902
2015-02-09,4726.009766
2015-02-10,4787.640137
2015-02-11,4801.180176
2015-02-12,4857.609863
2015-02-13,4893.839844
2015-02-17,4899.270020
2015-02-18,4906.359863
2015-02-19,4924.700195
2015-02-20,4955.970215
2015-02-23,4960.970215
2015-02-24,4968.120117
2015-02-25,4967.140137
2015-02-26,4987.890137
2015-02-27,4963.529785
2015-03-02,5008.100098
2015-03-03,4979.899902
2015-03-04,4967.140137
2015-03-05,4982.810059
2015-03-06,4927.370117
2015-03-09,4942.439941
2015-03-10,4859.790039
2015-03-11,4849.939941
2015-03-12,4893.290039
2015-03-13,4871.759766
2015-03-16,4929.509766
2015-03-17,4937.430176
2015-03-18,4982.830078
2015-03-19,4992.379883
2015-03-20,5026.419922
2015-03-23,5010.970215
2015-03-24,4994.729980
2015-03-25,4876.520020
2015-03-26,4863.359863
2015-03-27,4891.220215
2015-03-30,4947.439941
2015-03-31,4900.879883
2015-04-01,4880.229980
2015-04-02,4886.939941
2015-04-06,4917.319824
2015-04-07,4910.229980
2015-04-08,4950.819824
2015-04-09,4974.560059
2015-04-10,4995.979980
2015-04-13,4988.250000
2015-04-14,4977.290039
2015-04-15,5011.020020
2015-04-16,5007.790039
2015-04-17,4931.810059
2015-04-20,4994.600098
2015-04-21,5014.100098
2015-04-22,5035.169922
2015-04-23,5056.060059
2015-04-24,5092.080078
2015-04-27,5060.250000
2015-04-28,5055.419922
2015-04-29,5023.640137
2015-04-30,4941.419922
2015-05-01,5005.390137
2015-05-04,5016.930176
2015-05-05,4939.330078
2015-05-06,4919.640137
2015-05-07,4945.540039
2015-05-08,5003.549805
2015-05-11,4993.569824
2015-05-12,4976.189941
2015-05-13,4981.689941
2015-05-14,5050.799805
2015-05-15,5048.290039
2015-05-18,5078.439941
2015-05-19,5070.029785
2015-05-20,5071.740234
2015-05-21,5090.790039
2015-05-22,5089.359863
2015-05-26,5032.750000
2015-05-27,5106.589844
2015-05-28,5097.979980
2015-05-29,5070.029785
2015-06-01,5082.930176
2015-06-02,5076.520020
2015-06-03,5099.229980
2015-06-04,5059.120117
2015-06-05,5068.459961
2015-06-08,5021.629883
2015-06-09,5013.870117
2015-06-10,5076.689941
2015-06-11,5082.509766
2015-06-12,5051.100098
2015-06-15,5029.970215
2015-06-16,5055.549805
2015-06-17,5064.879883
2015-06-18,5132.950195
2015-06-19,5117.000000
2015-06-22,5153.970215
2015-06-23,5160.089844
2015-06-24,5122.410156
2015-06-25,5112.189941
2015-06-26,5080.509766
2015-06-29,4958.470215
2015-06-30,4986.870117
2015-07-01,5013.120117
2015-07-02,5009.209961
2015-07-06,4991.939941
2015-07-07,4997.459961
2015-07-08,4909.759766
2015-07-09,4922.399902
2015-07-10,4997.700195
2015-07-13,5071.509766
2015-07-14,5104.890137
2015-07-15,5098.939941
2015-07-16,5163.180176
2015-07-17,5210.140137
2015-07-20,5218.859863
2015-07-21,5208.120117
2015-07-22,5171.770020
2015-07-23,5146.410156
2015-07-24,5088.629883
2015-07-27,5039.779785
2015-07-28,5089.209961
2015-07-29,5111.729980
2015-07-30,5128.779785
2015-07-31,5128.279785
2015-08-03,5115.379883
2015-08-04,5105.549805
2015-08-05,5139.939941
2015-08-06,5056.439941
2015-08-07,5043.540039
2015-08-10,5101.799805
2015-08-11,5036.790039
2015-08-12,5044.390137
2015-08-13,5033.560059
2015-08-14,5048.240234
2015-08-17,5091.700195
2015-08-18,5059.350098
2015-08-19,5019.049805
2015-08-20,4877.490234
2015-08-21,4706.040039
2015-08-24,4526.250000
2015-08-25,4506.490234
2015-08-26,4697.540039
2015-08-27,4812.709961
2015-08-28,4828.319824
2015-08-31,4776.509766
2015-09-01,4636.100098
2015-09-02,4749.979980
2015-09-03,4733.500000
2015-09-04,4683.919922
2015-09-08,4811.930176
2015-09-09,4756.529785
2015-09-10,4796.250000
2015-09-11,4822.339844
2015-09-14,4805.759766
2015-09-15,4860.520020
2015-09-16,4889.240234
2015-09-17,4893.950195
2015-09-18,4827.229980
2015-09-21,4828.950195
2015-09-22,4756.720215
2015-09-23,4752.740234
2015-09-24,4734.479980
2015-09-25,4686.500000
2015-09-28,4543.970215
2015-09-29,4517.319824
2015-09-30,4620.160156
2015-10-01,4627.080078
2015-10-02,4707.779785
2015-10-05,4781.259766
2015-10-06,4748.359863
2015-10-07,4791.149902
2015-10-08,4810.790039
2015-10-09,4830.470215
2015-10-12,4838.640137
2015-10-13,4796.609863
2015-10-14,4782.850098
2015-10-15,4870.100098
2015-10-16,4886.689941
2015-10-19,4905.470215
2015-10-20,4880.970215
2015-10-21,4840.120117
2015-10-22,4920.049805
2015-10-23,5031.859863
2015-10-26,5034.700195
2015-10-27,5030.149902
2015-10-28,5095.689941
2015-10-29,5074.270020
2015-10-30,5053.750000
2015-11-02,5127.149902
2015-11-03,5145.129883
2015-11-04,5142.479980
2015-11-05,5127.740234
2015-11-06,5147.120117
2015-11-09,5095.299805
2015-11-10,5083.240234
2015-11-11,5067.020020
2015-11-12,5005.080078
2015-11-13,4927.879883
2015-11-16,4984.620117
2015-11-17,4986.020020
2015-11-18,5075.200195
2015-11-19,5073.640137
2015-11-20,5104.919922
2015-11-23,5102.479980
2015-11-24,5102.810059
2015-11-25,5116.140137
2015-11-27,5127.520020
2015-11-30,5108.669922
2015-12-01,5156.310059
2015-12-02,5123.220215
2015-12-03,5037.529785
2015-12-04,5142.270020
2015-12-07,5101.810059
2015-12-08,5098.240234
2015-12-09,5022.870117
2015-12-10,5045.169922
2015-12-11,4933.470215
2015-12-14,4952.229980
2015-12-15,4995.359863
2015-12-16,5071.129883
2015-12-17,5002.549805
2015-12-18,4923.080078
2015-12-21,4968.919922
2015-12-22,5001.109863
2015-12-23,5045.930176
2015-12-24,5048.490234
2015-12-28,5040.990234
2015-12-29,5107.939941
2015-12-30,5065.850098
2015-12-31,5007.410156
2016-01-04,4903.089844
2016-01-05,4891.430176
2016-01-06,4835.759766
2016-01-07,4689.430176
2016-01-08,4643.629883
2016-01-11,4637.990234
2016-01-12,4685.919922
2016-01-13,4526.060059
2016-01-14,4615.000000
2016-01-15,4488.419922
2016-01-19,4476.950195
2016-01-20,4471.689941
2016-01-21,4472.060059
2016-01-22,4591.180176
2016-01-25,4518.490234
2016-01-26,4567.669922
2016-01-27,4468.169922
2016-01-28,4506.680176
2016-01-29,4613.950195
2016-02-01,4620.370117
2016-02-02,4516.950195
2016-02-03,4504.240234
2016-02-04,4509.560059
2016-02-05,4363.140137
2016-02-08,4283.750000
2016-02-09,4268.759766
2016-02-10,4283.589844
2016-02-11,4266.839844
2016-02-12,4337.509766
2016-02-16,4435.959961
2016-02-17,4534.060059
2016-02-18,4487.540039
2016-02-19,4504.430176
2016-02-22,4570.609863
2016-02-23,4503.580078
2016-02-24,4542.609863
2016-02-25,4582.200195
2016-02-26,4590.470215
2016-02-29,4557.950195
2016-03-01,4689.600098
2016-03-02,4703.419922
2016-03-03,4707.419922
2016-03-04,4717.020020
2016-03-07,4708.250000
2016-03-08,4648.819824
2016-03-09,4674.379883
2016-03-10,4662.160156
2016-03-11,4748.470215
2016-03-14,4750.279785
2016-03-15,4728.669922
2016-03-16,4763.970215
2016-03-17,4774.990234
2016-03-18,4795.649902
2016-03-21,4808.870117
2016-03-22,4821.660156
2016-03-23,4768.859863
2016-03-24,4773.500000
2016-03-28,4766.790039
2016-03-29,4846.620117
2016-03-30,4869.290039
2016-03-31,4869.850098
2016-04-01,4914.540039
2016-04-04,4891.799805
2016-04-05,4843.930176
2016-04-06,4920.720215
2016-04-07,4848.370117
2016-04-08,4850.689941
2016-04-11,4833.399902
2016-04-12,4872.089844
2016-04-13,4947.419922
2016-04-14,4945.890137
2016-04-15,4938.220215
2016-04-18,4960.020020
2016-04-19,4940.330078
2016-04-20,4948.129883
2016-04-21,4945.890137
2016-04-22,4906.229980
2016-04-25,4895.790039
2016-04-26,4888.279785
2016-04-27,4863.140137
2016-04-28,4805.290039
2016-04-29,4775.359863
2016-05-02,4817.589844
2016-05-03,4763.220215
2016-05-04,4725.640137
2016-05-05,4717.089844
2016-05-06,4736.160156
2016-05-09,4750.209961
2016-05-10,4809.879883
2016-05-11,4760.689941
2016-05-12,4737.330078
2016-05-13,4717.680176
2016-05-16,4775.459961
2016-05-17,4715.729980
2016-05-18,4739.120117
2016-05-19,4712.529785
2016-05-20,4769.560059
2016-05-23,4765.779785
2016-05-24,4861.060059
2016-05-25,4894.890137
2016-05-26,4901.770020
2016-05-27,4933.500000
2016-05-31,4948.049805
2016-06-01,4952.250000
2016-06-02,4971.359863
2016-06-03,4942.520020
2016-06-06,4968.709961
2016-06-07,4961.750000
2016-06-08,4974.640137
2016-06-09,4958.620117
2016-06-10,4894.549805
2016-06-13,4848.439941
2016-06-14,4843.549805
2016-06-15,4834.930176
2016-06-16,4844.919922
2016-06-17,4800.339844
2016-06-20,4837.209961
2016-06-21,4843.759766
2016-06-22,4833.319824
2016-06-23,4910.040039
2016-06-24,4707.979980
2016-06-27,4594.439941
2016-06-28,4691.870117
2016-06-29,4779.250000
2016-06-30,4842.669922
2016-07-01,4862.569824
2016-07-05,4822.899902
2016-07-06,4859.160156
2016-07-07,4876.810059
2016-07-08,4956.759766
2016-07-11,4988.640137
2016-07-12,5022.819824
2016-07-13,5005.729980
2016-07-14,5034.060059
2016-07-15,5029.589844
2016-07-18,5055.779785
2016-07-19,5036.370117
2016-07-20,5089.930176
2016-07-21,5073.899902
2016-07-22,5100.160156
2016-07-25,5097.629883
2016-07-26,5110.049805
2016-07-27,5139.810059
2016-07-28,5154.979980
2016-07-29,5162.129883
2016-08-01,5184.200195
2016-08-02,5137.729980
2016-08-03,5159.740234
2016-08-04,5166.250000
2016-08-05,5221.120117
2016-08-08,5213.140137
2016-08-09,5225.479980
2016-08-10,5204.580078
2016-08-11,5228.399902
2016-08-12,5232.890137
2016-08-15,5262.020020
2016-08-16,5227.109863
2016-08-17,5228.660156
2016-08-18,5240.149902
2016-08-19,5238.379883
2016-08-22,5244.600098
2016-08-23,5260.080078
2016-08-24,5217.689941
2016-08-25,5212.200195
2016-08-26,5218.919922
2016-08-29,5232.330078
2016-08-30,5222.990234
2016-08-31,5213.220215
2016-09-01,5227.209961
2016-09-02,5249.899902
2016-09-06,5275.910156
2016-09-07,5283.930176
2016-09-08,5259.479980
2016-09-09,5125.910156
2016-09-12,5211.890137
2016-09-13,5155.250000
2016-09-14,5173.770020
2016-09-15,5249.689941
2016-09-16,5244.569824
2016-09-19,5235.029785
2016-09-20,5241.350098
2016-09-21,5295.180176
2016-09-22,5339.520020
2016-09-23,5305.750000
2016-09-26,5257.490234
2016-09-27,5305.709961
2016-09-28,5318.549805
2016-09-29,5269.149902
2016-09-30,5312.000000
2016-10-03,5300.870117
2016-10-04,5289.660156
2016-10-05,5316.020020
2016-10-06,5306.850098
2016-10-07,5292.399902
2016-10-10,5328.669922
2016-10-11,5246.790039
2016-10-12,5239.020020
2016-10-13,5213.330078
2016-10-14,5214.160156
2016-10-17,5199.819824
2016-10-18,5243.839844
2016-10-19,5246.410156
2016-10-20,5241.830078
2016-10-21,5257.399902
2016-10-24,5309.830078
2016-10-25,5283.399902
2016-10-26,5250.270020
2016-10-27,5215.970215
2016-10-28,5190.100098
2016-10-31,5189.140137
2016-11-01,5153.580078
2016-11-02,5105.569824
2016-11-03,5058.410156
2016-11-04,5046.370117
2016-11-07,5166.169922
2016-11-08,5193.490234
2016-11-09,5251.069824
2016-11-10,5208.799805
2016-11-11,5237.109863
2016-11-14,5218.399902
2016-11-15,5275.620117
2016-11-16,5294.580078
2016-11-17,5333.970215
2016-11-18,5321.509766
2016-11-21,5368.859863
2016-11-22,5386.350098
2016-11-23,5380.680176
2016-11-25,5398.919922
2016-11-28,5368.810059
2016-11-29,5379.919922
2016-11-30,5323.680176
2016-12-01,5251.109863
2016-12-02,5255.649902
2016-12-05,5308.890137
2016-12-06,5333.000000
2016-12-07,5393.759766
2016-12-08,5417.359863
2016-12-09,5444.500000
2016-12-12,5412.540039
2016-12-13,5463.830078
2016-12-14,
2016-12-15,5456.850098
2016-12-16,5437.160156
2016-12-19,5457.439941
2016-12-20,5483.939941
2016-12-21,5471.430176
2016-12-22,5447.419922
2016-12-23,5462.689941
2016-12-27,5487.439941
2016-12-28,5438.560059
2016-12-29,5432.089844
2016-12-30,5383.120117
2017-01-03,5429.080078
2017-01-04,5477.000000
2017-01-05,5487.939941
2017-01-06,5521.060059
2017-01-09,5531.819824
2017-01-10,5551.819824
2017-01-11,5563.649902
2017-01-12,5547.490234
2017-01-13,5574.120117
2017-01-17,5538.729980
2017-01-18,5555.649902
2017-01-19,5540.080078
2017-01-20,5555.330078
2017-01-23,5552.939941
2017-01-24,5600.959961
2017-01-25,5656.339844
2017-01-26,5655.180176
2017-01-27,5660.779785
2017-01-30,5613.709961
2017-01-31,5614.790039
2017-02-01,5642.649902
2017-02-02,5636.200195
2017-02-03,5666.770020
2017-02-06,5663.549805
2017-02-07,5674.220215
2017-02-08,5682.450195
2017-02-09,5715.180176
2017-02-10,5734.129883
2017-02-13,5763.959961
2017-02-14,5782.569824
2017-02-15,5819.439941
2017-02-16,5814.899902
2017-02-17,5838.580078
2017-02-21,5865.950195
2017-02-22,5860.629883
2017-02-23,5835.509766
2017-02-24,5845.310059
2017-02-27,5861.899902
2017-02-28,5825.439941
2017-03-01,5904.029785
2017-03-02,5861.220215
2017-03-03,5870.750000
2017-03-06,5849.180176
2017-03-07,5833.930176
2017-03-08,5837.549805
2017-03-09,5838.810059
2017-03-10,5861.729980
2017-03-13,5875.779785
2017-03-14,5856.819824
2017-03-15,5900.049805
2017-03-16,5900.759766
2017-03-17,5901.000000
2017-03-20,5901.529785
2017-03-21,5793.830078
2017-03-22,5821.640137
2017-03-23,5817.689941
2017-03-24,5828.740234
2017-03-27,5840.370117
2017-03-28,5875.140137
2017-03-29,5897.549805
2017-03-30,5914.339844
2017-03-31,5911.740234
2017-04-03,5894.680176
2017-04-04,5898.609863
2017-04-05,5864.479980
2017-04-06,5878.950195
2017-04-07,5877.810059
2017-04-10,5880.930176
2017-04-11,5866.770020
2017-04-12,5836.160156
2017-04-13,5805.149902
2017-04-17,5856.790039
2017-04-18,5849.470215
2017-04-19,5863.029785
2017-04-20,5916.779785
2017-04-21,5910.520020
2017-04-24,5983.819824
2017-04-25,6025.490234
2017-04-26,6025.229980
2017-04-27,6048.939941
2017-04-28,6047.609863
2017-05-01,6091.600098
2017-05-02,6095.370117
2017-05-03,6072.549805
2017-05-04,6075.339844
2017-05-05,6100.759766
2017-05-08,6102.660156
2017-05-09,6120.589844
2017-05-10,6129.140137
2017-05-11,6115.959961
2017-05-12,6121.229980
2017-05-15,6149.669922
2017-05-16,6169.870117
2017-05-17,6011.240234
2017-05-18,6055.129883
2017-05-19,6083.700195
2017-05-22,6133.620117
2017-05-23,6138.709961
2017-05-24,6163.020020
2017-05-25,6205.259766
2017-05-26,6210.189941
2017-05-30,6203.189941
2017-05-31,6198.520020
2017-06-01,6246.830078
2017-06-02,6305.799805
2017-06-05,6295.680176
2017-06-06,6275.060059
2017-06-07,6297.379883
2017-06-08,6321.759766
2017-06-09,6207.919922
2017-06-12,6175.459961
2017-06-13,6220.370117
2017-06-14,6194.890137
2017-06-15,6165.500000
2017-06-16,6151.759766
2017-06-19,6239.009766
2017-06-20,6188.029785
2017-06-21,6233.950195
2017-06-22,6236.689941
2017-06-23,6265.250000
2017-06-26,6247.149902
2017-06-27,6146.620117
2017-06-28,6234.410156
2017-06-29,6144.350098
2017-06-30,6140.419922
2017-07-03,6110.060059
2017-07-05,6150.859863
2017-07-06,6089.459961
2017-07-07,6153.080078
2017-07-10,6176.390137
2017-07-11,6193.299805
2017-07-12,6261.169922
2017-07-13,6274.439941
2017-07-14,6312.470215
2017-07-17,6314.430176
2017-07-18,6344.310059
2017-07-19,6385.040039
2017-07-20,6390.000000
2017-07-21,6387.750000
2017-07-24,6410.810059
2017-07-25,6412.169922
2017-07-26,6422.750000
2017-07-27,6382.189941
2017-07-28,6374.680176
2017-07-31,6348.120117
2017-08-01,6362.939941
2017-08-02,6362.649902
2017-08-03,6340.339844
2017-08-04,6351.560059
2017-08-07,6383.770020
2017-08-08,6370.459961
2017-08-09,6352.330078
2017-08-10,6216.870117
2017-08-11,6256.560059
2017-08-14,6340.229980
2017-08-15,6333.009766
2017-08-16,6345.109863
2017-08-17,6221.910156
2017-08-18,6216.529785
2017-08-21,6213.129883
2017-08-22,6297.479980
2017-08-23,6278.410156
2017-08-24,6271.330078
2017-08-25,6265.640137
2017-08-28,6283.020020
2017-08-29,6301.890137
2017-08-30,6368.310059
2017-08-31,6428.660156
2017-09-01,6435.330078
2017-09-05,6375.569824
2017-09-06,
2017-09-07,6397.870117
2017-09-08,6360.189941
2017-09-11,6432.259766
2017-09-12,6454.279785
2017-09-13,6460.189941
2017-09-14,6429.080078
2017-09-15,6448.470215
2017-09-18,6454.640137
2017-09-19,6461.319824
2017-09-20,6456.040039
2017-09-21,6422.689941
2017-09-22,6426.919922
2017-09-25,6370.589844
2017-09-26,6380.160156
2017-09-27,6453.259766
2017-09-28,6453.450195
2017-09-29,6495.959961
2017-10-02,6516.720215
2017-10-03,6531.709961
2017-10-04,6534.629883
2017-10-05,6585.359863
2017-10-06,6590.180176
2017-10-09,6579.729980
2017-10-10,6587.250000
2017-10-11,6603.549805
2017-10-12,6591.509766
2017-10-13,6605.799805
2017-10-16,6624.000000
2017-10-17,6623.660156
2017-10-18,6624.220215
2017-10-19,6605.069824
2017-10-20,6629.049805
2017-10-23,6586.830078
2017-10-24,6598.430176
2017-10-25,6563.890137
2017-10-26,6556.770020
2017-10-27,6701.259766
2017-10-30,6698.959961
2017-10-31,6727.669922
2017-11-01,6716.529785
2017-11-02,6714.939941
2017-11-03,6764.439941
2017-11-06,6786.439941
2017-11-07,6767.779785
2017-11-08,6789.120117
2017-11-09,6750.049805
2017-11-10,6750.939941
2017-11-13,6757.600098
2017-11-14,6737.870117
2017-11-15,6706.209961
2017-11-16,6793.290039
2017-11-17,6782.790039
2017-11-20,6790.709961
2017-11-21,6862.479980
2017-11-22,6867.359863
2017-11-24,6889.160156
2017-11-27,6878.520020
2017-11-28,6912.359863
2017-11-29,6824.390137
2017-11-30,6873.970215
2017-12-01,6847.589844
2017-12-04,6775.370117
2017-12-05,6762.209961
2017-12-06,6776.379883
2017-12-07,6812.839844
2017-12-08,6840.080078
2017-12-11,6875.080078
2017-12-12,6862.319824
2017-12-13,6875.799805
2017-12-14,6856.529785
2017-12-15,6936.580078
2017-12-18,6994.759766
2017-12-19,6963.850098
2017-12-20,6960.959961
2017-12-21,6965.359863
2017-12-22,6959.959961
2017-12-26,6936.250000
2017-12-27,6939.339844
2017-12-28,6950.160156
2017-12-29,6903.390137
2018-01-02,7006.899902
2018-01-03,7065.529785
2018-01-04,7077.910156
2018-01-05,7136.560059
2018-01-08,7157.390137
2018-01-09,7163.580078
2018-01-10,7153.569824
2018-01-11,7211.779785
2018-01-12,7261.060059
2018-01-16,7223.689941
2018-01-17,7298.279785
2018-01-18,7296.049805
2018-01-19,7336.379883
2018-01-22,7408.029785
2018-01-23,7460.290039
2018-01-24,7415.060059
2018-01-25,7411.160156
2018-01-26,7505.770020
2018-01-29,7466.509766
2018-01-30,7402.479980
2018-01-31,7411.479980
2018-02-01,7385.859863
2018-02-02,7240.950195
2018-02-05,6967.529785
2018-02-06,7115.879883
2018-02-07,7051.979980
2018-02-08,6777.160156
2018-02-09,6874.490234
2018-02-12,6981.959961
2018-02-13,7013.509766
2018-02-14,7143.620117
2018-02-15,7256.430176
2018-02-16,7239.470215
2018-02-20,7234.310059
2018-02-21,7218.229980
2018-02-22,7210.089844
2018-02-23,7337.390137
2018-02-26,7421.459961
2018-02-27,7330.350098
2018-02-28,7273.009766
2018-03-01,7180.560059
2018-03-02,7257.870117
2018-03-05,7330.709961
2018-03-06,7372.009766
2018-03-07,7396.649902
2018-03-08,7427.950195
2018-03-09,7560.810059
2018-03-12,7588.319824
2018-03-13,7511.009766
2018-03-14,7496.810059
2018-03-15,7481.740234
2018-03-16,7481.990234
2018-03-19,7344.240234
2018-03-20,7364.299805
2018-03-21,7345.290039
2018-03-22,7166.680176
2018-03-23,6992.669922
2018-03-26,7220.540039
2018-03-27,7008.810059
2018-03-28,6949.229980
2018-03-29,7063.450195
2018-04-02,6870.120117
2018-04-03,6941.279785
2018-04-04,7042.109863
2018-04-05,7076.549805
2018-04-06,6915.109863
2018-04-09,6950.339844
2018-04-10,7094.299805
2018-04-11,7069.029785
2018-04-12,7140.250000
2018-04-13,7106.649902
2018-04-16,7156.279785
2018-04-17,7281.100098
2018-04-18,7295.240234
2018-04-19,7238.060059
2018-04-20,7146.129883
2018-04-23,7128.600098
2018-04-24,7007.350098
2018-04-25,7003.740234
2018-04-26,7118.680176
2018-04-27,7119.799805
2018-04-30,7066.270020
2018-05-01,7130.700195
2018-05-02,7100.899902
2018-05-03,7088.149902
2018-05-04,7209.620117
2018-05-07,7265.209961
2018-05-08,7266.899902
2018-05-09,7339.910156
2018-05-10,7404.970215
2018-05-11,7402.879883
2018-05-14,7411.319824
2018-05-15,7351.629883
2018-05-16,7398.299805
2018-05-17,7382.470215
2018-05-18,7354.339844
2018-05-21,7394.040039
2018-05-22,7378.459961
2018-05-23,7425.959961
2018-05-24,7424.430176
2018-05-25,7433.850098
2018-05-29,7396.589844
2018-05-30,7462.450195
2018-05-31,7442.120117
2018-06-01,7554.330078
2018-06-04,7606.459961
2018-06-05,7637.859863
2018-06-06,7689.240234
2018-06-07,7635.069824
2018-06-08,7645.509766
2018-06-11,7659.930176
2018-06-12,7703.790039
2018-06-13,7695.700195
2018-06-14,7761.040039
2018-06-15,7746.379883
2018-06-18,7747.029785
2018-06-19,7725.589844
2018-06-20,7781.509766
2018-06-21,7712.950195
2018-06-22,7692.819824
2018-06-25,7532.009766
2018-06-26,7561.629883
2018-06-27,7445.080078
2018-06-28,7503.680176
2018-06-29,7510.299805
2018-07-02,7567.689941
2018-07-03,7502.669922
2018-07-05,7586.430176
2018-07-06,7688.390137
2018-07-09,7756.200195
2018-07-10,7759.200195
2018-07-11,7716.609863
2018-07-12,7823.919922
2018-07-13,7825.979980
2018-07-16,7805.720215
2018-07-17,7855.120117
2018-07-18,7854.439941
2018-07-19,7825.299805
2018-07-20,7820.200195
2018-07-23,7841.870117
2018-07-24,7840.770020
2018-07-25,7932.240234
2018-07-26,7852.180176
2018-07-27,7737.419922
2018-07-30,7630.000000
2018-07-31,7671.790039
2018-08-01,7707.290039
2018-08-02,7802.689941
2018-08-03,7812.009766
2018-08-06,7859.680176
2018-08-07,7883.660156
2018-08-08,7888.330078
2018-08-09,7891.779785
2018-08-10,7839.109863
2018-08-13,7819.709961
2018-08-14,7870.890137
2018-08-15,7774.120117
2018-08-16,7806.520020
2018-08-17,7816.330078
2018-08-20,7821.009766
2018-08-21,7859.169922
2018-08-22,7889.100098
2018-08-23,7878.459961
2018-08-24,7945.979980
2018-08-27,8017.899902
2018-08-28,8030.040039
2018-08-29,8109.689941
2018-08-30,8088.359863
2018-08-31,8109.540039
2018-09-04,8091.250000
2018-09-05,7995.169922
2018-09-06,7922.729980
2018-09-07,7902.540039
2018-09-10,7924.160156
2018-09-11,7972.470215
2018-09-12,7954.229980
2018-09-13,8013.709961
2018-09-14,8010.040039
2018-09-17,7895.790039
2018-09-18,7956.109863
2018-09-19,7950.040039
2018-09-20,8028.229980
2018-09-21,7986.959961
2018-09-24,7993.250000
2018-09-25,8007.470215
2018-09-26,7990.370117
2018-09-27,8041.970215
2018-09-28,8046.350098
2018-10-01,8037.299805
2018-10-02,7999.549805
2018-10-03,8025.089844
2018-10-04,7879.509766
2018-10-05,7788.450195
2018-10-08,7735.950195
2018-10-09,7738.020020
2018-10-10,7422.049805
2018-10-11,7329.060059
2018-10-12,7496.890137
2018-10-15,7430.740234
2018-10-16,7645.490234
2018-10-17,7642.700195
2018-10-18,7485.140137
2018-10-19,7449.029785
2018-10-22,7468.629883
2018-10-23,7437.540039
2018-10-24,7108.399902
2018-10-25,7318.339844
2018-10-26,7167.209961
2018-10-29,7050.290039
2018-10-30,7161.649902
2018-10-31,7305.899902
2018-11-01,7434.060059
2018-11-02,7356.990234
2018-11-05,7328.850098
2018-11-06,7375.959961
2018-11-07,7570.750000
2018-11-08,7530.879883
2018-11-09,7406.899902
2018-11-12,7200.870117
2018-11-13,7200.870117
2018-11-14,7136.390137
2018-11-15,7259.029785
2018-11-16,7247.870117
2018-11-19,7028.479980
2018-11-20,6908.819824
2018-11-21,6972.250000
2018-11-23,6938.979980
2018-11-26,7081.850098
2018-11-27,7082.700195
2018-11-28,7291.589844
2018-11-29,7273.080078
2018-11-30,7330.540039
2018-12-03,7441.509766
2018-12-04,7158.430176
2018-12-06,7188.259766
2018-12-07,6969.250000
2018-12-10,7020.520020
2018-12-11,7031.830078
2018-12-12,7098.310059
2018-12-13,7070.330078
2018-12-14,6910.660156
2018-12-17,6753.729980
2018-12-18,6783.910156
2018-12-19,6636.830078
2018-12-20,6528.410156
2018-12-21,6332.990234
2018-12-24,6192.919922
2018-12-26,6554.359863
2018-12-27,6579.490234
2018-12-28,6584.520020
2018-12-31,6635.279785
2019-01-02,6665.939941
2019-01-03,6463.500000
2019-01-04,6738.859863
2019-01-07,6823.470215
2019-01-08,6897.000000
2019-01-09,6957.080078
2019-01-10,6986.069824
2019-01-11,6971.479980
2019-01-14,6905.919922
2019-01-15,7023.830078
2019-01-16,7034.689941
2019-01-17,7084.459961
2019-01-18,7157.229980
2019-01-22,7020.359863
2019-01-23,7025.770020
2019-01-24,7073.459961
2019-01-25,7164.859863
2019-01-28,7085.680176
2019-01-29,7028.290039
2019-01-30,7183.080078
2019-01-31,7281.740234
2019-02-01,7263.870117
2019-02-04,7347.540039
2019-02-05,7402.080078
2019-02-06,7375.279785
2019-02-07,7288.350098
2019-02-08,7298.200195
2019-02-11,7307.899902
2019-02-12,7414.620117
2019-02-13,7420.379883
2019-02-14,7426.950195
2019-02-15,7472.410156
2019-02-19,7486.770020
2019-02-20,7489.069824
2019-02-21,7459.709961
2019-02-22,7527.540039
2019-02-25,7554.459961
2019-02-26,7549.299805
2019-02-27,7554.509766
2019-02-28,7532.529785
2019-03-01,7595.350098
2019-03-04,7577.569824
2019-03-05,7576.359863
2019-03-06,7505.919922
2019-03-07,7421.459961
2019-03-08,7408.140137
2019-03-11,7558.060059
2019-03-12,7591.029785
2019-03-13,7643.410156
2019-03-14,7630.910156
2019-03-15,7688.529785
2019-03-18,7714.479980
2019-03-19,7723.950195
2019-03-20,7728.970215
2019-03-21,7838.959961
2019-03-22,7642.669922
2019-03-25,7637.540039
2019-03-26,7691.520020
2019-03-27,7643.379883
2019-03-28,7669.169922
2019-03-29,7729.319824
2019-04-01,7828.910156
2019-04-02,7848.689941
2019-04-03,7895.549805
2019-04-04,7891.779785
2019-04-05,7938.689941
2019-04-08,7953.879883
2019-04-09,7909.279785
2019-04-10,7964.240234
2019-04-11,7947.359863
2019-04-12,7984.160156
2019-04-15,7976.009766
2019-04-16,8000.229980
2019-04-17,7996.080078
2019-04-18,7998.060059
2019-04-22,8015.270020
2019-04-23,8120.819824
2019-04-24,8102.009766
2019-04-25,8118.680176
2019-04-26,8146.399902
2019-04-29,8161.850098
2019-04-30,8095.390137
2019-05-01,8049.640137
2019-05-02,8036.770020
2019-05-03,8164.000000
2019-05-06,8123.290039
2019-05-07,7963.759766
2019-05-08,7943.319824
2019-05-09,7910.589844
2019-05-10,7916.939941
2019-05-13,7647.020020
2019-05-14,7734.490234
2019-05-15,7822.149902
2019-05-16,7898.049805
2019-05-17,7816.279785
2019-05-20,7702.379883
2019-05-21,7785.720215
2019-05-22,7750.839844
2019-05-23,7628.279785
2019-05-24,7637.009766
2019-05-28,7607.350098
2019-05-29,7547.310059
2019-05-30,7567.720215
2019-05-31,7453.149902
2019-06-03,7333.020020
2019-06-04,7527.120117
2019-06-05,7575.479980
2019-06-06,7615.549805
2019-06-07,7742.100098
2019-06-10,7823.169922
2019-06-11,7822.569824
2019-06-12,7792.720215
2019-06-13,7837.129883
2019-06-14,7796.660156
2019-06-17,7845.020020
2019-06-18,7953.879883
2019-06-19,7987.319824
2019-06-20,8051.339844
2019-06-21,8031.709961
2019-06-24,8005.700195
2019-06-25,7884.720215
2019-06-26,7909.970215
2019-06-27,7967.759766
2019-06-28,8006.240234
2019-07-01,8091.160156
2019-07-02,8109.089844
2019-07-03,8170.229980
2019-07-05,8161.790039
2019-07-08,8098.379883
2019-07-09,8141.729980
2019-07-10,8202.530273
2019-07-11,8196.040039
2019-07-12,8244.139648
2019-07-15,8258.190430
2019-07-16,8222.799805
2019-07-17,8185.209961
2019-07-18,8207.240234
2019-07-19,8146.490234
2019-07-22,8204.139648
2019-07-23,8251.400391
2019-07-24,8321.500000
2019-07-25,8238.540039
2019-07-26,8330.209961
2019-07-29,8293.330078
2019-07-30,8273.610352
2019-07-31,8175.419922
2019-08-01,8111.120117
2019-08-02,8004.069824
2019-08-05,7726.040039
2019-08-06,7833.270020
2019-08-07,7862.830078
2019-08-08,8039.160156
2019-08-09,7959.140137
2019-08-12,7863.410156
2019-08-13,8016.359863
2019-08-14,7773.939941
2019-08-15,7766.620117
2019-08-16,7895.990234
2019-08-19,8002.810059
2019-08-20,7948.560059
2019-08-21,8020.209961
2019-08-22,7991.390137
2019-08-23,7751.770020
2019-08-26,7853.740234
2019-08-27,7826.950195
2019-08-28,7856.879883
2019-08-29,7973.390137
2019-08-30,7962.879883
2019-09-03,7874.160156
2019-09-04,7976.879883
2019-09-05,8116.830078
2019-09-06,8103.069824
2019-09-09,8087.439941
2019-09-10,8084.160156
2019-09-11,8169.680176
2019-09-12,8194.469727
2019-09-13,8176.709961
2019-09-16,8153.540039
2019-09-17,8186.020020
2019-09-18,8177.390137
2019-09-19,8182.879883
2019-09-20,8117.669922
2019-09-23,8112.459961
2019-09-24,7993.629883
2019-09-25,8077.379883
2019-09-26,8030.660156
2019-09-27,7939.629883
2019-09-30,7999.339844
2019-10-01,7908.680176
2019-10-02,7785.250000
2019-10-03,7872.259766
2019-10-04,7982.470215
2019-10-07,7956.290039
2019-10-08,7823.779785
2019-10-09,7903.740234
2019-10-10,7950.779785
2019-10-11,8057.040039
2019-10-14,8048.649902
2019-10-15,8148.709961
2019-10-16,8124.180176
2019-10-17,8156.850098
2019-10-18,8089.540039
2019-10-21,8162.990234
2019-10-22,8104.299805
2019-10-23,8119.790039
2019-10-24,8185.799805
2019-10-25,8243.120117
2019-10-28,8325.990234
2019-10-29,8276.849609
2019-10-30,8303.980469
2019-10-31,8292.360352
2019-11-01,8386.400391
2019-11-04,8433.200195
2019-11-05,8434.679688
2019-11-06,8410.629883
2019-11-07,8434.519531
2019-11-08,8475.309570
2019-11-11,8464.280273
2019-11-12,8486.089844
2019-11-13,8482.099609
2019-11-14,8479.019531
2019-11-15,8540.830078
2019-11-18,8549.940430
2019-11-19,8570.660156
2019-11-20,8526.730469
2019-11-21,8506.209961
2019-11-22,8519.879883
2019-11-25,8632.490234
2019-11-26,8647.929688
2019-11-27,8705.179688
2019-11-29,8665.469727
2019-12-02,8567.990234
2019-12-03,8520.639648
2019-12-04,8566.669922
2019-12-05,8570.700195
2019-12-06,8656.530273
2019-12-09,8621.830078
2019-12-10,8616.179688
2019-12-11,8654.049805
2019-12-12,8717.320313
2019-12-13,8734.879883
2019-12-16,8814.230469
2019-12-17,8823.360352
2019-12-18,8827.740234
2019-12-19,8887.219727
2019-12-20,8924.959961
2019-12-23,8945.650391
2019-12-24,8952.879883
2019-12-26,9022.389648
2019-12-27,9006.620117
2019-12-30,8945.990234
2019-12-31,8972.599609
2020-01-02,9092.190430
2020-01-03,9020.769531
2020-01-06,9071.469727
2020-01-07,9068.580078
2020-01-08,9129.240234
2020-01-09,9203.429688
2020-01-10,9178.860352
2020-01-13,9273.929688
2020-01-14,9251.330078
2020-01-15,9258.700195
2020-01-16,9357.129883
2020-01-17,9388.940430
2020-01-21,9370.809570
2020-01-22,9383.769531
2020-01-23,9402.480469
2020-01-24,9314.910156
2020-01-27,9139.309570
2020-01-28,9269.679688
2020-01-29,9275.160156
2020-01-30,9298.929688
2020-01-31,9150.940430
2020-02-03,9273.400391
2020-02-04,9467.969727
2020-02-05,9508.679688
2020-02-06,9572.150391
2020-02-07,9520.509766
2020-02-10,9628.389648
2020-02-11,9638.940430
2020-02-12,9725.959961
2020-02-13,9711.969727
2020-02-14,9731.179688
2020-02-18,9732.740234
2020-02-19,9817.179688
2020-02-20,9750.969727
2020-02-21,9576.589844
2020-02-24,9221.280273
2020-02-25,8965.610352
2020-02-26,8980.780273
2020-02-27,8566.480469
2020-02-28,8567.370117
2020-03-02,8952.169922
2020-03-03,8684.089844
2020-03-04,9018.089844
2020-03-05,8738.589844
2020-03-06,8575.620117
2020-03-09,7950.680176
2020-03-10,8344.250000
2020-03-11,7952.049805
2020-03-12,7201.799805
2020-03-13,7874.879883
2020-03-16,6904.589844
2020-03-17,7334.779785
2020-03-18,6989.839844
2020-03-19,7150.580078
2020-03-20,6879.520020
2020-03-23,6860.669922
2020-03-24,7417.859863
2020-03-25,7384.299805
2020-03-26,7797.540039
2020-03-27,7502.379883
2020-03-30,7774.149902
2020-03-31,7700.100098
2020-04-01,7360.580078
2020-04-02,
2020-04-03,7373.080078
2020-04-06,7913.240234
2020-04-07,7887.259766
2020-04-08,8090.899902
2020-04-09,8153.580078
2020-04-13,8192.419922
2020-04-14,8515.740234
2020-04-15,8393.179688
2020-04-16,8532.360352
2020-04-17,8650.139648
2020-04-20,8560.730469
2020-04-21,8263.230469
2020-04-22,8495.379883
2020-04-23,8494.750000
2020-04-24,8634.519531
2020-04-27,8730.160156
2020-04-28,8607.730469
2020-04-29,8914.709961
2020-04-30,8889.549805
2020-05-01,8604.950195